0,SansHead,Default,,
0,SansTorso,Default,,
0,CombatZoneResizeInstant,133,252,508,391,
0,HeartTeleport,320,376,,,,,
0,BlackScreen,0,,,
0,HeartMode,1,
0.5,BoneVRepeat,128,366,20,0,130,8,76
0,BoneVRepeat,513,257,107,2,130,8,76
7.5,SansBody,HandRight,,,
0.1,BoneVRepeat,523,366,20,2,150,7,76
0,BoneVRepeat,128,257,107,0,150,7,76
1.9,SansAnimation,Idle,,
3,SansBody,HandLeft,,,
0.2,BoneVRepeat,128,366,20,0,140,6,76
0,BoneVRepeat,513,257,107,2,140,6,76
5,SansBody,HandUp,,
0,SansSlam,3,,
1.2,BoneVRepeat,128,286,107,0,140,7,76
0,BoneVRepeat,523,197,85,2,140,7,76
4,EndAttack,,,
